Year,Country,Age Group,F,M
2000,ARG,0-4,9.078075224,-9.973212776
2000,ARG,5-9,9.237075473,-10.09072227
2000,ARG,10-14,8.935838193,-9.68265229
2000,ARG,15-19,8.538785505,-9.130014571
2000,ARG,20-24,8.579146863,-8.969201818
2000,ARG,25-29,7.417125495,-7.482288775
2000,ARG,30-34,6.607500573,-6.587606124
2000,ARG,35-39,6.285895537,-6.231205006
2000,ARG,40-44,5.813890557,-5.817798262
2000,ARG,45-49,5.434301969,-5.474099211
2000,ARG,50-54,4.914737092,-4.938706798
2000,ARG,55-59,4.210007435,-4.105338305
2000,ARG,60-64,3.672704429,-3.42826168
2000,ARG,65-69,3.373106056,-2.945354008
2000,ARG,70-74,3.045287931,-2.314330061
2000,ARG,75-79,2.324332577,-1.543030139
2000,ARG,80+,2.532189092,-1.28617791
2005,ARG,0-4,8.736644972,-9.585331077
2005,ARG,5-9,8.596073758,-9.417418778
2005,ARG,10-14,8.755224098,-9.538615569
2005,ARG,15-19,8.387777506,-9.052235589
2005,ARG,20-24,7.993915049,-8.487601314
2005,ARG,25-29,8.033853917,-8.33363805
2005,ARG,30-34,6.996123489,-7.011797677
2005,ARG,35-39,6.224382124,-6.165859632
2005,ARG,40-44,5.910692469,-5.812773368
2005,ARG,45-49,5.445794239,-5.390412896
2005,ARG,50-54,5.06084376,-5.010402244
2005,ARG,55-59,4.53641231,-4.42613031
2005,ARG,60-64,3.833656263,-3.566465483
2005,ARG,65-69,3.275352292,-2.849767679
2005,ARG,70-74,2.90132924,-2.291060156
2005,ARG,75-79,2.450744188,-1.628946681
2005,ARG,80+,2.861180325,-1.431543498
2010,ARG,0-4,8.428899367,-9.227649514
2010,ARG,5-9,8.297728247,-9.075443981
2010,ARG,10-14,8.175882269,-8.928866942
2010,ARG,15-19,8.32378435,-9.030059223
2010,ARG,20-24,7.929742344,-8.447027655
2010,ARG,25-29,7.528770777,-7.905305212
2010,ARG,30-34,7.556241368,-7.769924856
2010,ARG,35-39,6.576677621,-6.592941436
2010,ARG,40-44,5.853945802,-5.781729718
2010,ARG,45-49,5.549711864,-5.41645051
2010,ARG,50-54,5.094575416,-4.964794021
2010,ARG,55-59,4.693418107,-4.522012462
2010,ARG,60-64,4.152512264,-3.876544814
2010,ARG,65-69,3.440353384,-2.993162737
2010,ARG,70-74,2.842101253,-2.244452428
2010,ARG,75-79,2.367395342,-1.640389389
2010,ARG,80+,3.188260228,-1.583245099
2015,ARG,0-4,8.252970421,-9.013390252
2015,ARG,5-9,8.002439163,-8.733564723
2015,ARG,10-14,7.881852913,-8.594249886
2015,ARG,15-19,7.768479289,-8.446592644
2015,ARG,20-24,7.909145892,-8.515266221
2015,ARG,25-29,7.532178595,-7.957482795
2015,ARG,30-34,7.143149503,-7.444398654
2015,ARG,35-39,7.156782409,-7.307003857
2015,ARG,40-44,6.21473091,-6.183189886
2015,ARG,45-49,5.509297045,-5.391318848
2015,ARG,50-54,5.191629042,-4.995900263
2015,ARG,55-59,4.725008745,-4.490019844
2015,ARG,60-64,4.297593808,-3.972857405
2015,ARG,65-69,3.730893217,-3.268159978
2015,ARG,70-74,2.995879883,-2.374707885
2015,ARG,75-79,2.337769544,-1.626068707
2015,ARG,80+,3.350199622,-1.685828154
2018,ARG,0-4,8.090225745,-8.824435355
2018,ARG,5-9,7.911501879,-8.623401435
2018,ARG,10-14,7.718936956,-8.406039607
2018,ARG,15-19,7.597222761,-8.251211083
2018,ARG,20-24,7.610245498,-8.209720996
2018,ARG,25-29,7.585079938,-8.069440584
2018,ARG,30-34,7.122988356,-7.450635002
2018,ARG,35-39,6.952632478,-7.161868617
2018,ARG,40-44,6.636712319,-6.679238356
2018,ARG,45-49,5.671181963,-5.567881874
2018,ARG,50-54,5.154636862,-4.962145092
2018,ARG,55-59,4.798504603,-4.519058697
2018,ARG,60-64,4.317472857,-3.958815391
2018,ARG,65-69,3.831284811,-3.340518322
2018,ARG,70-74,3.157688142,-2.523993405
2018,ARG,75-79,2.396152802,-1.676777381
2018,ARG,80+,3.447532031,-1.774818804
2000,BOL,0-4,13.50046015,-13.90507743
2000,BOL,5-9,12.38752704,-12.72736504
2000,BOL,10-14,11.34185899,-11.61078865
2000,BOL,15-19,10.13761369,-10.33725164
2000,BOL,20-24,9.025875772,-9.091177429
2000,BOL,25-29,7.751329644,-7.785691009
2000,BOL,30-34,6.603640536,-6.604625462
2000,BOL,35-39,5.636663519,-5.606779037
2000,BOL,40-44,4.835936846,-4.770190941
2000,BOL,45-49,4.187189999,-4.087304773
2000,BOL,50-54,3.582880159,-3.503407465
2000,BOL,55-59,2.968769795,-2.890654148
2000,BOL,60-64,2.373280426,-2.252090998
2000,BOL,65-69,2.0064301,-1.835544368
2000,BOL,70-74,1.619572363,-1.418549076
2000,BOL,75-79,1.078105391,-0.878455283
2000,BOL,80+,0.962865577,-0.695047251
2005,BOL,0-4,12.7240621,-13.09951559
2005,BOL,5-9,11.97418937,-12.30048781
2005,BOL,10-14,11.1198841,-11.42821671
2005,BOL,15-19,10.09767539,-10.34652222
2005,BOL,20-24,8.95321431,-9.135253338
2005,BOL,25-29,7.885310914,-7.946921403
2005,BOL,30-34,6.787569649,-6.802118031
2005,BOL,35-39,5.796114883,-5.771526037
2005,BOL,40-44,4.945037688,-4.888023147
2005,BOL,45-49,4.23394546,-4.137644935
2005,BOL,50-54,3.660089976,-3.527040103
2005,BOL,55-59,3.142071437,-3.011883965
2005,BOL,60-64,2.603004987,-2.457868417
2005,BOL,65-69,2.047034775,-1.86914621
2005,BOL,70-74,1.655390948,-1.445996071
2005,BOL,75-79,1.222938166,-1.004642688
2005,BOL,80+,1.152465834,-0.827193324
2010,BOL,0-4,11.6821536,-12.05226943
2010,BOL,5-9,11.45084604,-11.78370328
2010,BOL,10-14,10.85058409,-11.15300102
2010,BOL,15-19,10.0462555,-10.32590272
2010,BOL,20-24,9.045131214,-9.22695511
2010,BOL,25-29,8.007351847,-8.10619231
2010,BOL,30-34,7.00268223,-7.037346893
2010,BOL,35-39,6.038152929,-6.021743989
2010,BOL,40-44,5.154184678,-5.097436567
2010,BOL,45-49,4.388714482,-4.29747375
2010,BOL,50-54,3.740360265,-3.616970359
2010,BOL,55-59,3.225186165,-3.068129451
2010,BOL,60-64,2.751955088,-2.588571056
2010,BOL,65-69,2.240186104,-2.065164721
2010,BOL,70-74,1.701035977,-1.500165147
2010,BOL,75-79,1.270408916,-1.047069783
2010,BOL,80+,1.404810869,-1.011904409
2015,BOL,0-4,10.81679333,-11.19901659
2015,BOL,5-9,10.61402944,-10.9613826
2015,BOL,10-14,10.44298787,-10.77011131
2015,BOL,15-19,9.876092432,-10.15870209
2015,BOL,20-24,9.08371881,-9.294631738
2015,BOL,25-29,8.155373891,-8.260686849
2015,BOL,30-34,7.223070617,-7.258278844
2015,BOL,35-39,6.318975238,-6.300677741
2015,BOL,40-44,5.442181401,-5.378512162
2015,BOL,45-49,4.630663405,-4.532269389
2015,BOL,50-54,3.922210581,-3.801009034
2015,BOL,55-59,3.331232076,-3.186524837
2015,BOL,60-64,2.852752203,-2.67033029
2015,BOL,65-69,2.384390177,-2.202365394
2015,BOL,70-74,1.881161344,-1.685310584
2015,BOL,75-79,1.342251837,-1.123192624
2015,BOL,80+,1.682115344,-1.216997923
2018,BOL,0-4,10.30368301,-10.68687588
2018,BOL,5-9,10.18446813,-10.54443121
2018,BOL,10-14,10.04195168,-10.38097328
2018,BOL,15-19,9.723479157,-10.01767886
2018,BOL,20-24,9.055589202,-9.271181782
2018,BOL,25-29,8.242670399,-8.369295307
2018,BOL,30-34,7.356290602,-7.395633977
2018,BOL,35-39,6.482490469,-6.46554272
2018,BOL,40-44,5.629320279,-5.564533259
2018,BOL,45-49,4.809483545,-4.707935805
2018,BOL,50-54,4.068380297,-3.944722838
2018,BOL,55-59,3.435026917,-3.290663077
2018,BOL,60-64,2.906981785,-2.731934776
2018,BOL,65-69,2.446983614,-2.250436358
2018,BOL,70-74,1.974671173,-1.771621605
2018,BOL,75-79,1.457754886,-1.237590028
2018,BOL,80+,1.880774858,-1.368949237
2000,BRA,0-4,9.681268986,-10.26080543
2000,BRA,5-9,9.624107961,-10.16386916
2000,BRA,10-14,9.834245951,-10.32703887
2000,BRA,15-19,10.06036762,-10.47496863
2000,BRA,20-24,9.221417546,-9.47900914
2000,BRA,25-29,8.287897436,-8.388072233
2000,BRA,30-34,7.912499112,-7.888217956
2000,BRA,35-39,7.408519375,-7.302649197
2000,BRA,40-44,6.350853921,-6.202868613
2000,BRA,45-49,5.360757762,-5.187148582
2000,BRA,50-54,4.264975889,-4.073168681
2000,BRA,55-59,3.30150522,-3.082952904
2000,BRA,60-64,2.822332558,-2.551740938
2000,BRA,65-69,2.124230256,-1.830233419
2000,BRA,70-74,1.674343819,-1.353232719
2000,BRA,75-79,1.073076631,-0.800322156
2000,BRA,80+,0.997599953,-0.633701369
2005,BRA,0-4,8.502750215,-9.056327763
2005,BRA,5-9,9.036363935,-9.601620798
2005,BRA,10-14,9.003663808,-9.541613467
2005,BRA,15-19,9.194817029,-9.669719249
2005,BRA,20-24,9.398599199,-9.743367575
2005,BRA,25-29,8.608094154,-8.78780126
2005,BRA,30-34,7.726490054,-7.762598485
2005,BRA,35-39,7.359539785,-7.280715965
2005,BRA,40-44,6.867867093,-6.708631147
2005,BRA,45-49,5.858641235,-5.653772525
2005,BRA,50-54,4.908256271,-4.671972024
2005,BRA,55-59,3.862523646,-3.602701773
2005,BRA,60-64,2.938202953,-2.659199315
2005,BRA,65-69,2.449578335,-2.118251833
2005,BRA,70-74,1.765440337,-1.426183874
2005,BRA,75-79,1.296345065,-0.956046739
2005,BRA,80+,1.222826884,-0.759476208
2010,BRA,0-4,7.400830601,-7.928729875
2010,BRA,5-9,8.047970178,-8.596096665
2010,BRA,10-14,8.564022389,-9.131245791
2010,BRA,15-19,8.527048227,-9.049535569
2010,BRA,20-24,8.700752172,-9.108829346
2010,BRA,25-29,8.888323191,-9.154156351
2010,BRA,30-34,8.131505365,-8.252523205
2010,BRA,35-39,7.283604259,-7.273196978
2010,BRA,40-44,6.917292865,-6.788319114
2010,BRA,45-49,6.426616403,-6.21017164
2010,BRA,50-54,5.444647412,-5.176303219
2010,BRA,55-59,4.515440458,-4.203460567
2010,BRA,60-64,3.495995175,-3.164610598
2010,BRA,65-69,2.597176203,-2.254184901
2010,BRA,70-74,2.088404887,-1.700017016
2010,BRA,75-79,1.410289493,-1.050430072
2010,BRA,80+,1.560080723,-0.958189093
2015,BRA,0-4,6.884748945,-7.431239412
2015,BRA,5-9,7.056793739,-7.584414263
2015,BRA,10-14,7.679437589,-8.23009481
2015,BRA,15-19,8.166371738,-8.718635576
2015,BRA,20-24,8.124539327,-8.581390981
2015,BRA,25-29,8.286245462,-8.618874521
2015,BRA,30-34,8.456488962,-8.661103856
2015,BRA,35-39,7.72183158,-7.792660014
2015,BRA,40-44,6.898588087,-6.838950804
2015,BRA,45-49,6.523674213,-6.341918869
2015,BRA,50-54,6.020994634,-5.742609424
2015,BRA,55-59,5.056491141,-4.710881202
2015,BRA,60-64,4.131643093,-3.74399861
2015,BRA,65-69,3.12810642,-2.718259012
2015,BRA,70-74,2.245216006,-1.836994467
2015,BRA,75-79,1.701111475,-1.284396885
2015,BRA,80+,1.917717591,-1.163577293
2018,BRA,0-4,6.722287862,-7.278735683
2018,BRA,5-9,6.717960946,-7.252919206
2018,BRA,10-14,7.094681519,-7.628489231
2018,BRA,15-19,7.723580386,-8.261042425
2018,BRA,20-24,7.971615849,-8.449870679
2018,BRA,25-29,7.944500075,-8.312381193
2018,BRA,30-34,8.181843634,-8.429911698
2018,BRA,35-39,8.016234639,-8.134496057
2018,BRA,40-44,7.140482767,-7.127067038
2018,BRA,45-49,6.492818593,-6.34952117
2018,BRA,50-54,6.132656197,-5.866780242
2018,BRA,55-59,5.429541388,-5.070888074
2018,BRA,60-64,4.439569096,-4.020480787
2018,BRA,65-69,3.488481751,-3.035228306
2018,BRA,70-74,2.506461704,-2.06085195
2018,BRA,75-79,1.765658495,-1.340905273
2018,BRA,80+,2.2316251,-1.380430988
2000,CHL,0-4,8.33216045,-8.927269078
2000,CHL,5-9,9.179779541,-9.824758733
2000,CHL,10-14,8.908000003,-9.520830559
2000,CHL,15-19,8.233497152,-8.771549112
2000,CHL,20-24,8.049501006,-8.49574698
2000,CHL,25-29,7.886482038,-8.214499816
2000,CHL,30-34,7.880990764,-8.090588905
2000,CHL,35-39,7.660493047,-7.743007738
2000,CHL,40-44,6.930743881,-6.890442909
2000,CHL,45-49,6.082739889,-5.936926392
2000,CHL,50-54,4.762063,-4.600654596
2000,CHL,55-59,3.933214313,-3.635280893
2000,CHL,60-64,3.333267045,-2.912204489
2000,CHL,65-69,2.952624296,-2.428404784
2000,CHL,70-74,2.550003624,-1.954369042
2000,CHL,75-79,1.641056762,-1.120285526
2000,CHL,80+,1.683383189,-0.933180448
2005,CHL,0-4,7.226614442,-7.744112522
2005,CHL,5-9,7.899681235,-8.457397611
2005,CHL,10-14,8.711765366,-9.316660126
2005,CHL,15-19,8.457003654,-9.022846648
2005,CHL,20-24,7.828572777,-8.304789413
2005,CHL,25-29,7.659834659,-8.037448786
2005,CHL,30-34,7.497957989,-7.761505738
2005,CHL,35-39,7.47585293,-7.623666075
2005,CHL,40-44,7.246906813,-7.272021726
2005,CHL,45-49,6.531260105,-6.435426903
2005,CHL,50-54,5.701535724,-5.497624916
2005,CHL,55-59,4.424929056,-4.197353343
2005,CHL,60-64,3.604146456,-3.237084596
2005,CHL,65-69,2.993842458,-2.50802631
2005,CHL,70-74,2.557130688,-1.967216615
2005,CHL,75-79,2.086245495,-1.457024002
2005,CHL,80+,2.096720154,-1.159794672
2010,CHL,0-4,6.931093655,-7.426615764
2010,CHL,5-9,6.886907091,-7.373156202
2010,CHL,10-14,7.522425057,-8.047063469
2010,CHL,15-19,8.295084086,-8.857364671
2010,CHL,20-24,8.087964614,-8.595080553
2010,CHL,25-29,7.521213359,-7.929152325
2010,CHL,30-34,7.349960129,-7.660711247
2010,CHL,35-39,7.163774172,-7.365320071
2010,CHL,40-44,7.107816833,-7.196605074
2010,CHL,45-49,6.85465286,-6.820315968
2010,CHL,50-54,6.142036321,-5.981421224
2010,CHL,55-59,5.317458944,-5.041168865
2010,CHL,60-64,4.076323087,-3.769441018
2010,CHL,65-69,3.259546733,-2.819851992
2010,CHL,70-74,2.622124671,-2.071084665
2010,CHL,75-79,2.125121025,-1.501559902
2010,CHL,80+,2.736497364,-1.54408699
2015,CHL,0-4,6.674713816,-7.148369664
2015,CHL,5-9,6.628640342,-7.090324258
2015,CHL,10-14,6.579816048,-7.033827786
2015,CHL,15-19,7.183483777,-7.669602478
2015,CHL,20-24,7.97758269,-8.479083755
2015,CHL,25-29,7.842935043,-8.28816932
2015,CHL,30-34,7.284551709,-7.639652677
2015,CHL,35-39,7.068146658,-7.326858719
2015,CHL,40-44,6.843237085,-6.989021798
2015,CHL,45-49,6.749161274,-6.776546671
2015,CHL,50-54,6.468292813,-6.362902496
2015,CHL,55-59,5.75212646,-5.51132869
2015,CHL,60-64,4.923834102,-4.560091805
2015,CHL,65-69,3.710229846,-3.315518723
2015,CHL,70-74,2.882222434,-2.366520441
2015,CHL,75-79,2.213915943,-1.619618307
2015,CHL,80+,3.217109961,-1.82256241
2018,CHL,0-4,6.213277899,-6.637888886
2018,CHL,5-9,6.528653001,-6.963448548
2018,CHL,10-14,6.381169908,-6.80188236
2018,CHL,15-19,6.627055759,-7.052239518
2018,CHL,20-24,7.565034339,-8.035192605
2018,CHL,25-29,8.089677131,-8.585774633
2018,CHL,30-34,7.58925348,-8.017930704
2018,CHL,35-39,7.049611873,-7.354111475
2018,CHL,40-44,6.804610162,-6.980222825
2018,CHL,45-49,6.597900166,-6.639774366
2018,CHL,50-54,6.44601742,-6.35427575
2018,CHL,55-59,5.959529511,-5.728762119
2018,CHL,60-64,5.172928453,-4.806567021
2018,CHL,65-69,4.174080994,-3.73122538
2018,CHL,70-74,3.067652554,-2.582469191
2018,CHL,75-79,2.317143383,-1.743007684
2018,CHL,80+,3.416403968,-1.985226934
2000,COL,0-4,10.54634989,-11.45242107
2000,COL,5-9,10.69855264,-11.60248819
2000,COL,10-14,10.03529338,-10.86415117
2000,COL,15-19,9.613190502,-10.19042423
2000,COL,20-24,9.049180558,-9.178338511
2000,COL,25-29,8.268184315,-7.939963063
2000,COL,30-34,7.951082476,-7.681847
2000,COL,35-39,7.330327524,-7.048573433
2000,COL,40-44,6.09165388,-5.6286597
2000,COL,45-49,5.162696908,-4.834684498
2000,COL,50-54,3.975763981,-3.74045152
2000,COL,55-59,3.086306762,-2.819011405
2000,COL,60-64,2.531013493,-2.290878504
2000,COL,65-69,2.063644299,-1.819521357
2000,COL,70-74,1.538213437,-1.315087058
2000,COL,75-79,1.029775389,-0.835597028
2000,COL,80+,1.028770571,-0.757902266
2005,COL,0-4,9.460206701,-10.28618983
2005,COL,5-9,9.748609889,-10.58381543
2005,COL,10-14,9.887969355,-10.72486069
2005,COL,15-19,9.252579215,-9.962646928
2005,COL,20-24,8.808975033,-9.203322965
2005,COL,25-29,8.276621505,-8.236478745
2005,COL,30-34,7.558676079,-7.123292888
2005,COL,35-39,7.295656124,-6.925556808
2005,COL,40-44,6.725149574,-6.387613623
2005,COL,45-49,5.581639535,-5.108666093
2005,COL,50-54,4.709380608,-4.366757488
2005,COL,55-59,3.589570784,-3.331132172
2005,COL,60-64,2.747399265,-2.466186934
2005,COL,65-69,2.198744367,-1.940056529
2005,COL,70-74,1.721815495,-1.464617255
2005,COL,75-79,1.206494484,-0.984986813
2005,COL,80+,1.230511989,-0.903818805
2010,COL,0-4,8.126382813,-8.844057972
2010,COL,5-9,8.884153655,-9.658565128
2010,COL,10-14,9.147817931,-9.921326403
2010,COL,15-19,9.255362292,-10.00611562
2010,COL,20-24,8.631797515,-9.188643615
2010,COL,25-29,8.20165476,-8.434123848
2010,COL,30-34,7.707699952,-7.556100369
2010,COL,35-39,7.039917242,-6.5552907
2010,COL,40-44,6.795092633,-6.388550762
2010,COL,45-49,6.255350281,-5.892897806
2010,COL,50-54,5.172691667,-4.686809697
2010,COL,55-59,4.327954843,-3.958030399
2010,COL,60-64,3.252823424,-2.963037606
2010,COL,65-69,2.431643772,-2.126102307
2010,COL,70-74,1.874332184,-1.593905466
2010,COL,75-79,1.384596246,-1.119538939
2010,COL,80+,1.510728789,-1.106903365
2015,COL,0-4,7.403125782,-8.059541631
2015,COL,5-9,7.703803988,-8.379116107
2015,COL,10-14,8.413377316,-9.141238436
2015,COL,15-19,8.645001879,-9.3518334
2015,COL,20-24,8.722131657,-9.344851497
2015,COL,25-29,8.117824589,-8.528303821
2015,COL,30-34,7.711764573,-7.83378486
2015,COL,35-39,7.249943318,-7.029002506
2015,COL,40-44,6.620714541,-6.106481056
2015,COL,45-49,6.384207981,-5.954094377
2015,COL,50-54,5.854463825,-5.46138074
2015,COL,55-59,4.802296445,-4.292659199
2015,COL,60-64,3.966191488,-3.562251713
2015,COL,65-69,2.916582721,-2.590268679
2015,COL,70-74,2.105713109,-1.777126076
2015,COL,75-79,1.537404063,-1.245518175
2015,COL,80+,1.845452723,-1.342547727
2018,COL,0-4,7.201831249,-7.831320951
2018,COL,5-9,7.201194641,-7.816028047
2018,COL,10-14,7.744945132,-8.395828939
2018,COL,15-19,8.348916398,-9.018287474
2018,COL,20-24,8.573722169,-9.179222003
2018,COL,25-29,8.350940891,-8.825433572
2018,COL,30-34,7.728606837,-7.980831964
2018,COL,35-39,7.309271753,-7.264835184
2018,COL,40-44,6.733421968,-6.357978694
2018,COL,45-49,6.239022461,-5.726058009
2018,COL,50-54,5.950029964,-5.537344312
2018,COL,55-59,5.176289891,-4.717214632
2018,COL,60-64,4.183793803,-3.681199371
2018,COL,65-69,3.289979912,-2.905869242
2018,COL,70-74,2.311081935,-1.974294627
2018,COL,75-79,1.621769569,-1.303983705
2018,COL,80+,2.035181427,-1.484269277
2000,CRI,0-4,9.793527153,-10.17294673
2000,CRI,5-9,10.32941823,-10.71004557
2000,CRI,10-14,10.4768554,-10.8339992
2000,CRI,15-19,9.620757128,-9.910808706
2000,CRI,20-24,8.53534591,-8.706422005
2000,CRI,25-29,7.558257951,-7.517523221
2000,CRI,30-34,7.812751745,-7.703830796
2000,CRI,35-39,7.815690356,-7.726459246
2000,CRI,40-44,6.647744718,-6.564161463
2000,CRI,45-49,5.132080404,-5.048155857
2000,CRI,50-54,4.301973632,-4.263652624
2000,CRI,55-59,3.271737357,-3.199763457
2000,CRI,60-64,2.63912547,-2.541376122
2000,CRI,65-69,2.10237308,-1.937246781
2000,CRI,70-74,1.625558209,-1.415032432
2000,CRI,75-79,1.108058784,-0.901467178
2000,CRI,80+,1.228744474,-0.847108612
2005,CRI,0-4,8.247485397,-8.590161157
2005,CRI,5-9,9.051680972,-9.41474998
2005,CRI,10-14,9.600929937,-9.964227636
2005,CRI,15-19,9.777679817,-10.11102185
2005,CRI,20-24,9.014243878,-9.257390675
2005,CRI,25-29,8.026091783,-8.137630981
2005,CRI,30-34,7.110099686,-7.026993567
2005,CRI,35-39,7.314740201,-7.172298433
2005,CRI,40-44,7.275665234,-7.155682854
2005,CRI,45-49,6.157746811,-6.042997581
2005,CRI,50-54,4.718711715,-4.603678885
2005,CRI,55-59,3.916434791,-3.837035148
2005,CRI,60-64,2.937501579,-2.826323917
2005,CRI,65-69,2.317777285,-2.176966619
2005,CRI,70-74,1.783269176,-1.581831027
2005,CRI,75-79,1.301313387,-1.073589793
2005,CRI,80+,1.448628352,-1.027419894
2010,CRI,0-4,7.576525565,-7.909803622
2010,CRI,5-9,7.717119351,-8.048849102
2010,CRI,10-14,8.504173167,-8.856952819
2010,CRI,15-19,9.042123859,-9.387925113
2010,CRI,20-24,9.221455347,-9.51602316
2010,CRI,25-29,8.516429163,-8.709445977
2010,CRI,30-34,7.58348522,-7.653912835
2010,CRI,35-39,6.708100688,-6.600909378
2010,CRI,40-44,6.869704753,-6.70628387
2010,CRI,45-49,6.797525689,-6.648144715
2010,CRI,50-54,5.717728649,-5.567532793
2010,CRI,55-59,4.346151355,-4.193739028
2010,CRI,60-64,3.560979709,-3.43404826
2010,CRI,65-69,2.618406055,-2.458767214
2010,CRI,70-74,2.001010244,-1.811560227
2010,CRI,75-79,1.460126867,-1.226941152
2010,CRI,80+,1.758954318,-1.269160733
2015,CRI,0-4,7.20876036,-7.545113851
2015,CRI,5-9,7.144564511,-7.473376953
2015,CRI,10-14,7.2990061,-7.627693741
2015,CRI,15-19,8.053998823,-8.396350488
2015,CRI,20-24,8.567111496,-8.88350175
2015,CRI,25-29,8.739800394,-8.992962363
2015,CRI,30-34,8.068819601,-8.225006493
2015,CRI,35-39,7.176146391,-7.218463594
2015,CRI,40-44,6.33388034,-6.209941745
2015,CRI,45-49,6.459547326,-6.27458741
2015,CRI,50-54,6.357164236,-6.17201189
2015,CRI,55-59,5.308521947,-5.115211933
2015,CRI,60-64,3.989761691,-3.791542467
2015,CRI,65-69,3.211030952,-3.023462913
2015,CRI,70-74,2.294000475,-2.077525324
2015,CRI,75-79,1.67094983,-1.431563411
2015,CRI,80+,2.116935525,-1.541683673
2018,CRI,0-4,6.910408469,-7.246234739
2018,CRI,5-9,6.969123443,-7.303692459
2018,CRI,10-14,6.945845436,-7.274323401
2018,CRI,15-19,7.355570363,-7.685690267
2018,CRI,20-24,8.073068945,-8.394788953
2018,CRI,25-29,8.466795242,-8.742416161
2018,CRI,30-34,8.309088742,-8.505983245
2018,CRI,35-39,7.496918264,-7.59614265
2018,CRI,40-44,6.566197933,-6.528053252
2018,CRI,45-49,6.099837854,-5.925267352
2018,CRI,50-54,6.266543584,-6.057388098
2018,CRI,55-59,5.785824733,-5.569237553
2018,CRI,60-64,4.528732341,-4.297365307
2018,CRI,65-69,3.422267054,-3.188743408
2018,CRI,70-74,2.629974874,-2.390617266
2018,CRI,75-79,1.800365889,-1.541675453
2018,CRI,80+,2.373436834,-1.752380434
2000,DOM,0-4,11.6989261,-12.09857969
2000,DOM,5-9,11.68865797,-12.01916202
2000,DOM,10-14,11.05932093,-11.25794442
2000,DOM,15-19,10.36903756,-10.33454608
2000,DOM,20-24,9.44261085,-9.212097025
2000,DOM,25-29,8.483368704,-8.187535972
2000,DOM,30-34,7.529615513,-7.251957583
2000,DOM,35-39,6.571319739,-6.433750557
2000,DOM,40-44,5.486943622,-5.48552094
2000,DOM,45-49,4.367551761,-4.407787032
2000,DOM,50-54,3.371826994,-3.408811145
2000,DOM,55-59,2.687127218,-2.726940544
2000,DOM,60-64,2.391835653,-2.413981657
2000,DOM,65-69,1.893547403,-1.909110463
2000,DOM,70-74,1.337932699,-1.33881569
2000,DOM,75-79,0.846907849,-0.823248671
2000,DOM,80+,0.773469422,-0.690210517
2005,DOM,0-4,10.7879631,-11.08821949
2005,DOM,5-9,10.89345684,-11.16772702
2005,DOM,10-14,10.88837014,-11.08199089
2005,DOM,15-19,10.08312332,-10.24115173
2005,DOM,20-24,9.118176219,-9.278843937
2005,DOM,25-29,8.250274516,-8.225686004
2005,DOM,30-34,7.441091031,-7.319981983
2005,DOM,35-39,6.700865513,-6.486551578
2005,DOM,40-44,5.91740304,-5.753062887
2005,DOM,45-49,4.982998256,-4.89443397
2005,DOM,50-54,3.976185395,-3.923733961
2005,DOM,55-59,3.039524769,-2.994514242
2005,DOM,60-64,2.369805345,-2.325693719
2005,DOM,65-69,2.036051438,-1.97079464
2005,DOM,70-74,1.532556543,-1.466256176
2005,DOM,75-79,1.002898314,-0.935710575
2005,DOM,80+,0.979256214,-0.845647203
2010,DOM,0-4,10.03745346,-10.37529563
2010,DOM,5-9,9.983717776,-10.29816742
2010,DOM,10-14,10.12413461,-10.39843614
2010,DOM,15-19,10.16250541,-10.24956411
2010,DOM,20-24,9.241833988,-9.194615452
2010,DOM,25-29,8.071990496,-8.297314138
2010,DOM,30-34,7.349985805,-7.349292755
2010,DOM,35-39,6.698096349,-6.612146018
2010,DOM,40-44,6.060474286,-5.891584003
2010,DOM,45-49,5.367149335,-5.214775241
2010,DOM,50-54,4.509034946,-4.426004187
2010,DOM,55-59,3.57939722,-3.502048121
2010,DOM,60-64,2.698566821,-2.600800999
2010,DOM,65-69,2.037214085,-1.940227591
2010,DOM,70-74,1.671707882,-1.554052221
2010,DOM,75-79,1.173343041,-1.060394696
2010,DOM,80+,1.233394482,-1.035281274
2015,DOM,0-4,9.574123718,-9.949339148
2015,DOM,5-9,9.375323802,-9.731188781
2015,DOM,10-14,9.343148093,-9.682406559
2015,DOM,15-19,9.332766947,-9.635858488
2015,DOM,20-24,9.208076337,-9.297510747
2015,DOM,25-29,8.360406115,-8.291520694
2015,DOM,30-34,7.333997103,-7.508945836
2015,DOM,35-39,6.715218487,-6.674849491
2015,DOM,40-44,6.139678414,-6.020728656
2015,DOM,45-49,5.553036553,-5.35349432
2015,DOM,50-54,4.900504605,-4.713128091
2015,DOM,55-59,4.087230451,-3.951767962
2015,DOM,60-64,3.191686202,-3.053716589
2015,DOM,65-69,2.340763351,-2.187001626
2015,DOM,70-74,1.695807887,-1.549763209
2015,DOM,75-79,1.306953147,-1.147693568
2015,DOM,80+,1.541278786,-1.251086235
2018,DOM,0-4,9.296831516,-9.690658972
2018,DOM,5-9,9.134028626,-9.509679083
2018,DOM,10-14,8.980351882,-9.34281619
2018,DOM,15-19,8.877837996,-9.221880591
2018,DOM,20-24,8.820691397,-9.040618362
2018,DOM,25-29,8.466803979,-8.440834258
2018,DOM,30-34,7.528975038,-7.528763379
2018,DOM,35-39,6.705326394,-6.802453346
2018,DOM,40-44,6.179942729,-6.070082415
2018,DOM,45-49,5.623981776,-5.449311044
2018,DOM,50-54,5.036803765,-4.808606474
2018,DOM,55-59,4.336141677,-4.136750399
2018,DOM,60-64,3.487786584,-3.316439995
2018,DOM,65-69,2.607085426,-2.424264669
2018,DOM,70-74,1.837742045,-1.65823882
2018,DOM,75-79,1.317024945,-1.146582416
2018,DOM,80+,1.762644226,-1.412019587
2000,ECU,0-4,12.09751987,-12.54103786
2000,ECU,5-9,11.4571584,-11.82884827
2000,ECU,10-14,10.84073627,-11.16418302
2000,ECU,15-19,10.03501603,-10.29799884
2000,ECU,20-24,9.215188687,-9.327606742
2000,ECU,25-29,8.472768369,-8.475891961
2000,ECU,30-34,7.513057389,-7.469884099
2000,ECU,35-39,6.425147452,-6.345198918
2000,ECU,40-44,5.473368753,-5.35631553
2000,ECU,45-49,4.640130944,-4.50252696
2000,ECU,50-54,3.396409479,-3.272392724
2000,ECU,55-59,2.885545263,-2.746561398
2000,ECU,60-64,2.290703367,-2.147126254
2000,ECU,65-69,1.825802047,-1.66699685
2000,ECU,70-74,1.382164306,-1.219388235
2000,ECU,75-79,0.961151774,-0.811542964
2000,ECU,80+,1.088131598,-0.826499385
2005,ECU,0-4,11.05363035,-11.47807845
2005,ECU,5-9,11.02165199,-11.43685934
2005,ECU,10-14,10.46275617,-10.81245769
2005,ECU,15-19,9.887392358,-10.17813345
2005,ECU,20-24,9.068694129,-9.266193209
2005,ECU,25-29,8.249691207,-8.289193701
2005,ECU,30-34,7.528248397,-7.472210276
2005,ECU,35-39,6.660639529,-6.572024256
2005,ECU,40-44,5.711793442,-5.596279493
2005,ECU,45-49,4.883881848,-4.735408826
2005,ECU,50-54,4.137700788,-3.970807413
2005,ECU,55-59,3.00393447,-2.854646553
2005,ECU,60-64,2.519703182,-2.356700153
2005,ECU,65-69,1.961590857,-1.79334835
2005,ECU,70-74,1.512051155,-1.331486694
2005,ECU,75-79,1.078863364,-0.910368206
2005,ECU,80+,1.25777677,-0.945803944
2010,ECU,0-4,10.18107506,-10.6055128
2010,ECU,5-9,10.12943812,-10.53211199
2010,ECU,10-14,10.11375213,-10.51025131
2010,ECU,15-19,9.592803722,-9.91461438
2010,ECU,20-24,9.028294989,-9.252225261
2010,ECU,25-29,8.250443446,-8.363423898
2010,ECU,30-34,7.482403991,-7.454144772
2010,ECU,35-39,6.818813202,-6.712769999
2010,ECU,40-44,6.030895926,-5.903738827
2010,ECU,45-49,5.166511119,-5.019325556
2010,ECU,50-54,4.399499597,-4.22248796
2010,ECU,55-59,3.696340065,-3.500979276
2010,ECU,60-64,2.647354521,-2.477569869
2010,ECU,65-69,2.180299171,-1.995398354
2010,ECU,70-74,1.644746108,-1.452777549
2010,ECU,75-79,1.193296649,-1.005923525
2010,ECU,80+,1.444032188,-1.076744669
2015,ECU,0-4,9.721413802,-10.14006355
2015,ECU,5-9,9.39031844,-9.788034665
2015,ECU,10-14,9.347525146,-9.728933935
2015,ECU,15-19,9.326208775,-9.687886285
2015,ECU,20-24,8.815233375,-9.064112339
2015,ECU,25-29,8.272468672,-8.403702348
2015,ECU,30-34,7.541709877,-7.576612525
2015,ECU,35-39,6.830736034,-6.753539975
2015,ECU,40-44,6.221564535,-6.079537802
2015,ECU,45-49,5.4954988,-5.335442853
2015,ECU,50-54,4.687168668,-4.512764636
2015,ECU,55-59,3.959089858,-3.759205684
2015,ECU,60-64,3.283239861,-3.072005663
2015,ECU,65-69,2.310714391,-2.123732233
2015,ECU,70-74,1.845150519,-1.641425422
2015,ECU,75-79,1.309190752,-1.113326635
2015,ECU,80+,1.642768495,-1.219673445
2018,ECU,0-4,9.466296817,-9.8890303
2018,ECU,5-9,9.071587147,-9.467453544
2018,ECU,10-14,8.895404456,-9.266697694
2018,ECU,15-19,8.980093031,-9.321393982
2018,ECU,20-24,8.811102426,-9.080976011
2018,ECU,25-29,8.254887075,-8.399431018
2018,ECU,30-34,7.641826129,-7.692684784
2018,ECU,35-39,6.901146646,-6.865653516
2018,ECU,40-44,6.249712287,-6.123737861
2018,ECU,45-49,5.624574727,-5.457788623
2018,ECU,50-54,4.869792194,-4.69049623
2018,ECU,55-59,4.09999296,-3.903641872
2018,ECU,60-64,3.438309293,-3.221090701
2018,ECU,65-69,2.651947175,-2.438027059
2018,ECU,70-74,1.866170733,-1.663539326
2018,ECU,75-79,1.413713528,-1.206512356
2018,ECU,80+,1.763443374,-1.311845122
2000,GTM,0-4,15.64586965,-16.91055579
2000,GTM,5-9,14.22111568,-15.25141003
2000,GTM,10-14,12.37002248,-13.11753541
2000,GTM,15-19,11.24206628,-11.68601949
2000,GTM,20-24,9.406948795,-9.290614559
2000,GTM,25-29,7.494969251,-7.080665072
2000,GTM,30-34,6.017552726,-5.386516819
2000,GTM,35-39,4.904443153,-4.320034313
2000,GTM,40-44,4.21138701,-3.69646181
2000,GTM,45-49,3.63927781,-3.266548732
2000,GTM,50-54,2.662096624,-2.383912361
2000,GTM,55-59,2.17808978,-2.02538616
2000,GTM,60-64,1.853991746,-1.77485863
2000,GTM,65-69,1.575175088,-1.505036877
2000,GTM,70-74,1.219715447,-1.13897141
2000,GTM,75-79,0.766379278,-0.688504649
2000,GTM,80+,0.590899202,-0.476967893
2005,GTM,0-4,14.59985606,-15.83178371
2005,GTM,5-9,13.65492617,-14.72883606
2005,GTM,10-14,12.46571707,-13.29234317
2005,GTM,15-19,10.7711518,-11.28848705
2005,GTM,20-24,9.584669899,-9.697226181
2005,GTM,25-29,7.982664597,-7.686846138
2005,GTM,30-34,6.415618405,-5.824554454
2005,GTM,35-39,5.140052965,-4.507967826
2005,GTM,40-44,4.235716402,-3.644303316
2005,GTM,45-49,3.618470098,-3.132883883
2005,GTM,50-54,3.112904137,-2.76041309
2005,GTM,55-59,2.243481729,-1.992661133
2005,GTM,60-64,1.80696488,-1.656157547
2005,GTM,65-69,1.502432528,-1.410210358
2005,GTM,70-74,1.237339685,-1.149673874
2005,GTM,75-79,0.888392931,-0.797164102
2005,GTM,80+,0.739640648,-0.598488101
2010,GTM,0-4,12.79796416,-13.85377547
2010,GTM,5-9,12.95221881,-13.9894515
2010,GTM,10-14,12.14686526,-13.04449228
2010,GTM,15-19,11.04824921,-11.69990799
2010,GTM,20-24,9.463629593,-9.768326562
2010,GTM,25-29,8.399604309,-8.351771358
2010,GTM,30-34,7.024114396,-6.590195479
2010,GTM,35-39,5.639530135,-5.008546894
2010,GTM,40-44,4.522376126,-3.878706461
2010,GTM,45-49,3.709795459,-3.132418696
2010,GTM,50-54,3.148122078,-2.679970432
2010,GTM,55-59,2.680911702,-2.339068742
2010,GTM,60-64,1.901820267,-1.65708446
2010,GTM,65-69,1.499452458,-1.340284399
2010,GTM,70-74,1.213309612,-1.100172608
2010,GTM,75-79,0.93141169,-0.825564315
2010,GTM,80+,0.920624745,-0.740262357
2015,GTM,0-4,11.80829375,-12.74505316
2015,GTM,5-9,11.458887,-12.35969981
2015,GTM,10-14,11.62518582,-12.51019387
2015,GTM,15-19,10.87793107,-11.61572233
2015,GTM,20-24,9.852345011,-10.31884928
2015,GTM,25-29,8.420433731,-8.561738587
2015,GTM,30-34,7.481230529,-7.291932458
2015,GTM,35-39,6.250447325,-5.750844278
2015,GTM,40-44,5.012737022,-4.365515947
2015,GTM,45-49,4.004371823,-3.372632896
2015,GTM,50-54,3.266296697,-2.710581614
2015,GTM,55-59,2.74885936,-2.300587867
2015,GTM,60-64,2.310466035,-1.976860538
2015,GTM,65-69,1.610308298,-1.368155097
2015,GTM,70-74,1.239357306,-1.07111945
2015,GTM,75-79,0.94145572,-0.815447154
2015,GTM,80+,1.091393503,-0.865065666
2018,GTM,0-4,11.44526053,-12.32752177
2018,GTM,5-9,10.88432888,-11.71938251
2018,GTM,10-14,10.85768094,-11.67503988
2018,GTM,15-19,10.7234361,-11.46658478
2018,GTM,20-24,9.84216951,-10.36934608
2018,GTM,25-29,8.68930641,-8.923135832
2018,GTM,30-34,7.505295035,-7.431381959
2018,GTM,35-39,6.574033578,-6.204635936
2018,GTM,40-44,5.367280651,-4.773661844
2018,GTM,45-49,4.267484982,-3.620235404
2018,GTM,50-54,3.417629375,-2.82812015
2018,GTM,55-59,2.808667467,-2.31120943
2018,GTM,60-64,2.372934285,-1.98336127
2018,GTM,65-69,1.848096706,-1.55938639
2018,GTM,70-74,1.269472098,-1.063198726
2018,GTM,75-79,0.952403906,-0.808623052
2018,GTM,80+,1.174519546,-0.935174985
2000,MEX,0-4,11.15067354,-12.02181703
2000,MEX,5-9,11.13371349,-11.92907645
2000,MEX,10-14,10.81768195,-11.38013331
2000,MEX,15-19,10.15671447,-10.48262374
2000,MEX,20-24,9.487155716,-9.245693514
2000,MEX,25-29,8.728472243,-8.410892418
2000,MEX,30-34,7.706921787,-7.33972055
2000,MEX,35-39,6.601057717,-6.424354001
2000,MEX,40-44,5.535494144,-5.354531034
2000,MEX,45-49,4.549820427,-4.431256422
2000,MEX,50-54,3.452565503,-3.397639616
2000,MEX,55-59,2.816172028,-2.790601036
2000,MEX,60-64,2.237738328,-2.13309295
2000,MEX,65-69,1.890666985,-1.687362384
2000,MEX,70-74,1.506165521,-1.267761376
2000,MEX,75-79,1.052514777,-0.857396739
2000,MEX,80+,1.176471383,-0.846047433
2005,MEX,0-4,10.2963258,-11.16749057
2005,MEX,5-9,10.20900544,-10.98717289
2005,MEX,10-14,10.17407914,-10.89242368
2005,MEX,15-19,9.659411459,-9.823350174
2005,MEX,20-24,9.057628336,-9.018906956
2005,MEX,25-29,8.495573209,-8.201444042
2005,MEX,30-34,8.034440479,-7.749715178
2005,MEX,35-39,7.094480187,-6.75012699
2005,MEX,40-44,6.068039508,-5.893741955
2005,MEX,45-49,5.071930193,-4.887544568
2005,MEX,50-54,4.144318439,-4.00949155
2005,MEX,55-59,3.114045264,-3.031291622
2005,MEX,60-64,2.500831113,-2.437709994
2005,MEX,65-69,1.93884429,-1.8054416
2005,MEX,70-74,1.57633557,-1.363466416
2005,MEX,75-79,1.182901042,-0.957301666
2005,MEX,80+,1.381810545,-1.023380145
2010,MEX,0-4,9.398236335,-10.25830287
2010,MEX,5-9,9.523802741,-10.30186338
2010,MEX,10-14,9.449204996,-10.13366333
2010,MEX,15-19,9.434260047,-10.02099317
2010,MEX,20-24,8.804124833,-8.875286015
2010,MEX,25-29,8.288874198,-8.11777762
2010,MEX,30-34,7.842023992,-7.487362829
2010,MEX,35-39,7.416763987,-7.084016948
2010,MEX,40-44,6.532647017,-6.151335018
2010,MEX,45-49,5.567594256,-5.342325331
2010,MEX,50-54,4.627529836,-4.389077635
2010,MEX,55-59,3.74343346,-3.549879389
2010,MEX,60-64,2.768266944,-2.625111364
2010,MEX,65-69,2.168330551,-2.043715141
2010,MEX,70-74,1.616709524,-1.442693577
2010,MEX,75-79,1.23790449,-1.015638222
2010,MEX,80+,1.580292795,-1.160958169
2015,MEX,0-4,8.815970621,-9.640045165
2015,MEX,5-9,8.766147352,-9.575582484
2015,MEX,10-14,8.90105499,-9.624790317
2015,MEX,15-19,8.78898556,-9.353919866
2015,MEX,20-24,8.755529673,-9.181396281
2015,MEX,25-29,8.154651928,-8.108670561
2015,MEX,30-34,7.679297598,-7.422361828
2015,MEX,35-39,7.298101891,-6.901638081
2015,MEX,40-44,6.888589697,-6.512823209
2015,MEX,45-49,6.043217855,-5.624808507
2015,MEX,50-54,5.1174128,-4.839802201
2015,MEX,55-59,4.210072645,-3.918223814
2015,MEX,60-64,3.351270909,-3.098826561
2015,MEX,65-69,2.416300056,-2.216245277
2015,MEX,70-74,1.819068073,-1.642316662
2015,MEX,75-79,1.275118816,-1.0784444
2015,MEX,80+,1.719209535,-1.260104784
2018,MEX,0-4,8.444467387,-9.226052234
2018,MEX,5-9,8.470012617,-9.26089299
2018,MEX,10-14,8.507284237,-9.255387554
2018,MEX,15-19,8.539860648,-9.154742422
2018,MEX,20-24,8.464428621,-8.931247332
2018,MEX,25-29,8.232339144,-8.422257002
2018,MEX,30-34,7.638830194,-7.434431484
2018,MEX,35-39,7.230042927,-6.870359254
2018,MEX,40-44,6.876451907,-6.449342482
2018,MEX,45-49,6.310188203,-5.880740176
2018,MEX,50-54,5.404284163,-4.999804037
2018,MEX,55-59,4.489420911,-4.17730685
2018,MEX,60-64,3.615289806,-3.291740183
2018,MEX,65-69,2.720665436,-2.453940217
2018,MEX,70-74,1.912678312,-1.699379589
2018,MEX,75-79,1.363031649,-1.168492272
2018,MEX,80+,1.780723839,-1.323883923
2000,PRY,0-4,13.24607314,-13.41655665
2000,PRY,5-9,12.81784428,-12.96909374
2000,PRY,10-14,12.18371929,-12.30878421
2000,PRY,15-19,10.8963632,-11.02592886
2000,PRY,20-24,8.990479735,-9.064474496
2000,PRY,25-29,7.377480554,-7.346596046
2000,PRY,30-34,6.597371058,-6.540785174
2000,PRY,35-39,5.805325002,-5.814685343
2000,PRY,40-44,5.040660576,-5.126534336
2000,PRY,45-49,4.277559725,-4.418279708
2000,PRY,50-54,3.293537173,-3.365857018
2000,PRY,55-59,2.585161445,-2.583926137
2000,PRY,60-64,2.120322051,-2.058455257
2000,PRY,65-69,1.573642855,-1.448497338
2000,PRY,70-74,1.373276445,-1.15553242
2000,PRY,75-79,0.95050103,-0.752793589
2000,PRY,80+,0.870682436,-0.603219689
2005,PRY,0-4,11.57030299,-11.70947738
2005,PRY,5-9,12.05182198,-12.18443178
2005,PRY,10-14,11.67459432,-11.79574357
2005,PRY,15-19,11.05700829,-11.1523486
2005,PRY,20-24,9.762016959,-9.863867823
2005,PRY,25-29,7.883273241,-7.970069588
2005,PRY,30-34,6.363445158,-6.389480868
2005,PRY,35-39,5.819665298,-5.78243876
2005,PRY,40-44,5.209962159,-5.19771562
2005,PRY,45-49,4.521534764,-4.565581582
2005,PRY,50-54,3.813155985,-3.899225126
2005,PRY,55-59,2.899752317,-2.935688232
2005,PRY,60-64,2.237519834,-2.198316879
2005,PRY,65-69,1.784393204,-1.683053072
2005,PRY,70-74,1.275632907,-1.121325233
2005,PRY,75-79,1.056167681,-0.83628496
2005,PRY,80+,1.019752917,-0.714950935
2010,PRY,0-4,10.93603623,-11.03866579
2010,PRY,5-9,10.71483016,-10.80729597
2010,PRY,10-14,11.12525521,-11.2433524
2010,PRY,15-19,10.72346211,-10.82170742
2010,PRY,20-24,10.03639102,-10.12319271
2010,PRY,25-29,8.763226436,-8.860932358
2010,PRY,30-34,6.979245521,-7.092981216
2010,PRY,35-39,5.551813232,-5.610238295
2010,PRY,40-44,5.13581812,-5.114994231
2010,PRY,45-49,4.576532547,-4.567453601
2010,PRY,50-54,3.932262927,-3.965508181
2010,PRY,55-59,3.365974069,-3.398427138
2010,PRY,60-64,2.534928475,-2.522129282
2010,PRY,65-69,1.919649197,-1.831764279
2010,PRY,70-74,1.48710679,-1.334349057
2010,PRY,75-79,1.010753136,-0.83149021
2010,PRY,80+,1.206714815,-0.835517863
2015,PRY,0-4,10.21638578,-10.31551212
2015,PRY,5-9,10.15854897,-10.23298286
2015,PRY,10-14,9.921265835,-10.02024009
2015,PRY,15-19,10.26853023,-10.37991375
2015,PRY,20-24,9.813110996,-9.905950716
2015,PRY,25-29,9.122509022,-9.198002962
2015,PRY,30-34,7.90854478,-8.010862485
2015,PRY,35-39,6.237639284,-6.35669273
2015,PRY,40-44,4.971926316,-5.031611736
2015,PRY,45-49,4.584571878,-4.560998061
2015,PRY,50-54,4.05256453,-4.031094936
2015,PRY,55-59,3.504423755,-3.498488824
2015,PRY,60-64,2.968885317,-2.953131661
2015,PRY,65-69,2.19049315,-2.124048923
2015,PRY,70-74,1.609963761,-1.469778981
2015,PRY,75-79,1.187968117,-1.003425449
2015,PRY,80+,1.282668286,-0.907263721
2018,PRY,0-4,9.89298103,-10.01829491
2018,PRY,5-9,9.792016426,-9.887847186
2018,PRY,10-14,9.593626244,-9.690875077
2018,PRY,15-19,9.583038415,-9.695426894
2018,PRY,20-24,9.659639312,-9.763760694
2018,PRY,25-29,9.063064855,-9.139398408
2018,PRY,30-34,8.219431299,-8.29717089
2018,PRY,35-39,6.835555218,-6.940644588
2018,PRY,40-44,5.3101766,-5.402808952
2018,PRY,45-49,4.4569789,-4.466435155
2018,PRY,50-54,4.116267234,-4.068787286
2018,PRY,55-59,3.585939831,-3.549145064
2018,PRY,60-64,3.066521986,-3.030577185
2018,PRY,65-69,2.443741189,-2.372203495
2018,PRY,70-74,1.732952717,-1.600062651
2018,PRY,75-79,1.239711964,-1.057830977
2018,PRY,80+,1.408356781,-1.018730586
2000,PER,0-4,11.06414679,-11.61267398
2000,PER,5-9,11.40467286,-11.93519498
2000,PER,10-14,11.16426605,-11.70272939
2000,PER,15-19,10.17756567,-10.78454183
2000,PER,20-24,9.199494317,-9.705923893
2000,PER,25-29,8.403272999,-8.612204489
2000,PER,30-34,7.477736935,-7.38674144
2000,PER,35-39,6.563467586,-6.303703749
2000,PER,40-44,5.526967577,-5.219081617
2000,PER,45-49,4.596389753,-4.275376212
2000,PER,50-54,3.604323554,-3.278353218
2000,PER,55-59,2.946272093,-2.642423652
2000,PER,60-64,2.489740319,-2.200319026
2000,PER,65-69,2.018362106,-1.738488484
2000,PER,70-74,1.493144826,-1.232376975
2000,PER,75-79,1.011750919,-0.787171696
2000,PER,80+,0.858425637,-0.582695368
2005,PER,0-4,10.31267178,-10.76960241
2005,PER,5-9,10.34033874,-10.83007979
2005,PER,10-14,10.67078222,-11.1715517
2005,PER,15-19,10.07209943,-10.55734853
2005,PER,20-24,9.217028452,-9.512497735
2005,PER,25-29,8.356547177,-8.51729137
2005,PER,30-34,7.632604453,-7.599837527
2005,PER,35-39,6.823685642,-6.575875254
2005,PER,40-44,5.911377113,-5.68252023
2005,PER,45-49,4.912224655,-4.683117446
2005,PER,50-54,4.101717105,-3.835735885
2005,PER,55-59,3.11861664,-2.906851658
2005,PER,60-64,2.568311677,-2.348368007
2005,PER,65-69,2.100313433,-1.896371191
2005,PER,70-74,1.637389134,-1.435556857
2005,PER,75-79,1.162263032,-0.964420627
2005,PER,80+,1.062029323,-0.712973781
2010,PER,0-4,10.15887212,-10.54278464
2010,PER,5-9,9.607613307,-10.07832789
2010,PER,10-14,9.65092164,-10.15548057
2010,PER,15-19,9.406366634,-10.53208261
2010,PER,20-24,8.840809134,-9.497965959
2010,PER,25-29,8.22150615,-8.306324371
2010,PER,30-34,7.568830395,-7.40413485
2010,PER,35-39,6.998188306,-6.668203226
2010,PER,40-44,6.289458389,-5.830640382
2010,PER,45-49,5.449044479,-5.113825929
2010,PER,50-54,4.522749106,-4.186142241
2010,PER,55-59,3.751272607,-3.421400136
2010,PER,60-64,2.818044328,-2.550459969
2010,PER,65-69,2.275072024,-2.053171713
2010,PER,70-74,1.800769161,-1.573390833
2010,PER,75-79,1.311109464,-1.102833452
2010,PER,80+,1.329372759,-0.982831233
2015,PER,0-4,8.931163835,-9.449762165
2015,PER,5-9,9.481505765,-9.980172949
2015,PER,10-14,8.876245699,-9.455240127
2015,PER,15-19,8.725059453,-9.183905893
2015,PER,20-24,8.579499985,-9.266927745
2015,PER,25-29,7.971305909,-8.245621512
2015,PER,30-34,7.441365125,-7.578347578
2015,PER,35-39,7.023170981,-6.797661987
2015,PER,40-44,6.57511514,-6.119233891
2015,PER,45-49,5.863044091,-5.369308148
2015,PER,50-54,5.063832961,-4.655355897
2015,PER,55-59,4.169416486,-3.872436831
2015,PER,60-64,3.461955091,-3.21903952
2015,PER,65-69,2.57829013,-2.372254948
2015,PER,70-74,2.041679364,-1.819132757
2015,PER,75-79,1.518434642,-1.339411294
2015,PER,80+,1.698915342,-1.276186757
2018,PER,0-4,8.365211054,-8.87287496
2018,PER,5-9,8.565165372,-8.746548267
2018,PER,10-14,8.481992871,-8.554247681
2018,PER,15-19,8.172795854,-7.945136359
2018,PER,20-24,8.621187109,-8.320566274
2018,PER,25-29,8.330670215,-8.629751626
2018,PER,30-34,7.73753285,-8.144279196
2018,PER,35-39,7.198367874,-7.538245943
2018,PER,40-44,6.610515344,-6.743701463
2018,PER,45-49,5.970112549,-5.956666463
2018,PER,50-54,5.262696056,-5.119438178
2018,PER,55-59,4.433784244,-4.29642314
2018,PER,60-64,3.678853915,-3.532590103
2018,PER,65-69,2.936716489,-2.771211966
2018,PER,70-74,2.136079477,-1.95435936
2018,PER,75-79,1.598075798,-1.412399026
2018,PER,80+,1.900242929,-1.461559994
2000,SLV,0-4,12.06102883,-13.55789735
2000,SLV,5-9,11.97212867,-13.42511367
2000,SLV,10-14,10.67516281,-11.73771028
2000,SLV,15-19,9.614914518,-10.11627563
2000,SLV,20-24,8.907973096,-8.8878327
2000,SLV,25-29,7.942130026,-7.500973136
2000,SLV,30-34,7.015412201,-6.378023773
2000,SLV,35-39,6.199909691,-5.540880166
2000,SLV,40-44,5.31310355,-4.695803387
2000,SLV,45-49,4.686968541,-4.046164717
2000,SLV,50-54,3.778404306,-3.343320904
2000,SLV,55-59,3.27193881,-2.992709943
2000,SLV,60-64,2.755315168,-2.655109386
2000,SLV,65-69,2.177775418,-2.074295393
2000,SLV,70-74,1.566451642,-1.429839729
2000,SLV,75-79,1.106484239,-0.934386671
2000,SLV,80+,0.954898487,-0.683663165
2005,SLV,0-4,10.09880284,-11.55388982
2005,SLV,5-9,11.34698014,-12.95950807
2005,SLV,10-14,11.17638189,-12.6178835
2005,SLV,15-19,9.715407231,-10.4609543
2005,SLV,20-24,8.586146108,-8.554185126
2005,SLV,25-29,7.959481257,-7.450552197
2005,SLV,30-34,7.148183399,-6.449842845
2005,SLV,35-39,6.360276814,-5.645287205
2005,SLV,40-44,5.624368396,-4.946528554
2005,SLV,45-49,4.814082052,-4.19047474
2005,SLV,50-54,4.24684368,-3.613230301
2005,SLV,55-59,3.39337831,-2.963285052
2005,SLV,60-64,2.899948887,-2.619652552
2005,SLV,65-69,2.388659911,-2.277854883
2005,SLV,70-74,1.825341157,-1.71130785
2005,SLV,75-79,1.226840664,-1.086980981
2005,SLV,80+,1.18887726,-0.898582023
2010,SLV,0-4,9.107176955,-10.59348111
2010,SLV,5-9,9.564535866,-11.1114756
2010,SLV,10-14,10.74848698,-12.40726484
2010,SLV,15-19,10.34104521,-11.47669264
2010,SLV,20-24,8.807520604,-9.003823366
2010,SLV,25-29,7.75748005,-7.25356307
2010,SLV,30-34,7.258462122,-6.510895858
2010,SLV,35-39,6.57463411,-5.807559186
2010,SLV,40-44,5.844143086,-5.103812465
2010,SLV,45-49,5.166577741,-4.473840407
2010,SLV,50-54,4.41708382,-3.791416238
2010,SLV,55-59,3.872569456,-3.245709264
2010,SLV,60-64,3.046879749,-2.614848765
2010,SLV,65-69,2.547032939,-2.25438146
2010,SLV,70-74,2.039818284,-1.89370913
2010,SLV,75-79,1.468319192,-1.326987141
2010,SLV,80+,1.43823383,-1.130539464
2015,SLV,0-4,8.490276619,-10.01516696
2015,SLV,5-9,8.64483248,-10.18637099
2015,SLV,10-14,9.067317001,-10.61424658
2015,SLV,15-19,10.04413153,-11.40060163
2015,SLV,20-24,9.563722137,-10.17510757
2015,SLV,25-29,8.099425466,-7.848252438
2015,SLV,30-34,7.145948004,-6.422538412
2015,SLV,35-39,6.730476542,-5.918071541
2015,SLV,40-44,6.091333293,-5.299726416
2015,SLV,45-49,5.411693364,-4.653609389
2015,SLV,50-54,4.779593016,-4.076989364
2015,SLV,55-59,4.057516625,-3.425324681
2015,SLV,60-64,3.514616407,-2.886630451
2015,SLV,65-69,2.703847214,-2.266738708
2015,SLV,70-74,2.201413832,-1.89020415
2015,SLV,75-79,1.669197336,-1.48979786
2015,SLV,80+,1.78465913,-1.430622861
2018,SLV,0-4,8.270299022,-9.817075844
2018,SLV,5-9,8.275371872,-9.810066874
2018,SLV,10-14,8.445063091,-9.929617981
2018,SLV,15-19,9.090224003,-10.38732698
2018,SLV,20-24,9.613607201,-10.44077453
2018,SLV,25-29,8.628975883,-8.668103007
2018,SLV,30-34,7.306223008,-6.720273662
2018,SLV,35-39,6.67135441,-5.849168291
2018,SLV,40-44,6.238754695,-5.409131193
2018,SLV,45-49,5.576850447,-4.779187544
2018,SLV,50-54,4.939958573,-4.184986321
2018,SLV,55-59,4.273949128,-3.589157422
2018,SLV,60-64,3.627439366,-2.982732023
2018,SLV,65-69,2.982454391,-2.413743162
2018,SLV,70-74,2.262520262,-1.875979097
2018,SLV,75-79,1.759340494,-1.496431737
2018,SLV,80+,2.037614154,-1.646244321
2000,URY,0-4,7.70981556,-8.590067083
2000,URY,5-9,7.959016413,-8.853533235
2000,URY,10-14,7.601705937,-8.448406568
2000,URY,15-19,7.293605187,-8.075520739
2000,URY,20-24,7.770116446,-8.539340669
2000,URY,25-29,7.22180452,-7.898009408
2000,URY,30-34,6.468189386,-6.781779321
2000,URY,35-39,6.526855785,-6.606944353
2000,URY,40-44,6.237493258,-6.22136136
2000,URY,45-49,5.527950891,-5.580714751
2000,URY,50-54,5.174668258,-5.038782367
2000,URY,55-59,4.763127847,-4.543281769
2000,URY,60-64,4.517954837,-4.007635726
2000,URY,65-69,4.439382724,-3.790414637
2000,URY,70-74,4.011964443,-3.062692869
2000,URY,75-79,3.04995225,-2.067023598
2000,URY,80+,3.72639626,-1.894491547
2005,URY,0-4,7.19625217,-8.06263589
2005,URY,5-9,7.49891677,-8.379971593
2005,URY,10-14,7.72568258,-8.619361909
2005,URY,15-19,7.339383911,-8.16953777
2005,URY,20-24,6.887887891,-7.586476319
2005,URY,25-29,7.231555285,-7.860814127
2005,URY,30-34,6.807394461,-7.309267825
2005,URY,35-39,6.193050463,-6.360381028
2005,URY,40-44,6.315360926,-6.393269113
2005,URY,45-49,6.037646963,-6.033185139
2005,URY,50-54,5.333736576,-5.339539841
2005,URY,55-59,4.958313826,-4.733824928
2005,URY,60-64,4.502048686,-4.142650667
2005,URY,65-69,4.185367528,-3.491379203
2005,URY,70-74,3.980062755,-3.087486052
2005,URY,75-79,3.397823071,-2.289809561
2005,URY,80+,4.409516138,-2.140409035
2010,URY,0-4,6.650245032,-7.4876798
2010,URY,5-9,7.012118569,-7.865408682
2010,URY,10-14,7.314867325,-8.166418142
2010,URY,15-19,7.506606289,-8.386631301
2010,URY,20-24,7.063888664,-7.828160846
2010,URY,25-29,6.558253998,-7.150781463
2010,URY,30-34,6.94684573,-7.464639264
2010,URY,35-39,6.580490431,-6.991659697
2010,URY,40-44,6.022108876,-6.162323968
2010,URY,45-49,6.120305426,-6.170045327
2010,URY,50-54,5.845424035,-5.756612881
2010,URY,55-59,5.113747689,-5.016227208
2010,URY,60-64,4.684360432,-4.324949379
2010,URY,65-69,4.158615296,-3.621688
2010,URY,70-74,3.748649007,-2.859126585
2010,URY,75-79,3.378329073,-2.319558017
2010,URY,80+,5.295144126,-2.428089439
2015,URY,0-4,6.588535283,-7.37662183
2015,URY,5-9,6.486516477,-7.2915502
2015,URY,10-14,6.845563795,-7.666959151
2015,URY,15-19,7.1404106,-7.953042891
2015,URY,20-24,7.268132258,-8.085511572
2015,URY,25-29,6.801461326,-7.467526943
2015,URY,30-34,6.340281973,-6.833014112
2015,URY,35-39,6.757868384,-7.161876729
2015,URY,40-44,6.400179807,-6.753229076
2015,URY,45-49,5.846606063,-5.927669669
2015,URY,50-54,5.913014531,-5.878267358
2015,URY,55-59,5.601183463,-5.407395884
2015,URY,60-64,4.846176361,-4.591619715
2015,URY,65-69,4.347122102,-3.800149726
2015,URY,70-74,3.734952651,-3.009591219
2015,URY,75-79,3.200061596,-2.167321313
2015,URY,80+,5.88193333,-2.628652611
2018,URY,0-4,6.561787777,-7.335173282
2018,URY,5-9,6.409828108,-7.176339607
2018,URY,10-14,6.512909565,-7.299383161
2018,URY,15-19,6.882242748,-7.664850738
2018,URY,20-24,7.11906665,-7.889980207
2018,URY,25-29,7.015032292,-7.728324158
2018,URY,30-34,6.448000197,-6.983937682
2018,URY,35-39,6.378158166,-6.773220342
2018,URY,40-44,6.602033827,-6.952951604
2018,URY,45-49,6.034833573,-6.237629589
2018,URY,50-54,5.711688058,-5.673034426
2018,URY,55-59,5.704513275,-5.520506058
2018,URY,60-64,5.135014848,-4.809747884
2018,URY,65-69,4.404980645,-3.920819762
2018,URY,70-74,3.833688522,-3.089480106
2018,URY,75-79,3.170077118,-2.23123781
2018,URY,80+,6.07614463,-2.713383584